{
  "agent": "random_baseline",
  "episodes": 20,
  "success_rate": 0.0,
  "avg_reward": -0.8649999999999991,
  "min_reward": -8.499999999999998,
  "max_reward": 10.500000000000005,
  "avg_steps": 13.15,
  "rewards": [
    -3.2000000000000006,
    3.900000000000001,
    -4.5,
    5.9,
    -8.499999999999998,
    -4.5,
    -4.499999999999999,
    -3.1000000000000005,
    -6.300000000000001,
    0.799999999999999,
    4.499999999999999,
    -4.9,
    10.500000000000005,
    0.9000000000000005,
    -7.199999999999996,
    -2.3000000000000003,
    4.5000000000000036,
    7.700000000000003,
    -5.5,
    -1.5000000000000007
  ],
  "step_counts": [
    12,
    11,
    15,
    11,
    15,
    15,
    15,
    11,
    13,
    12,
    15,
    9,
    15,
    11,
    12,
    13,
    15,
    13,
    15,
    15
  ]
}